{
  "lang":"ja",
  "name":"pipeline",
  "version":"0.0.0",
  "spacy_version":">=3.4.4,<3.5.0",
  "description":"",
  "author":"",
  "email":"",
  "url":"",
  "license":"",
  "spacy_git_version":"77833bfef",
  "vectors":{
    "width":0,
    "vectors":0,
    "keys":0,
    "name":null,
    "mode":"default"
  },
  "labels":{
    "tok2vec":[

    ],
    "ner":[
      "B-date",
      "B-price",
      "B-product",
      "B-shop",
      "B-time",
      "B-total",
      "I-date",
      "I-price",
      "I-product",
      "I-shop",
      "I-time",
      "I-total"
    ]
  },
  "pipeline":[
    "tok2vec",
    "ner"
  ],
  "components":[
    "tok2vec",
    "ner"
  ],
  "disabled":[

  ],
  "performance":{
    "ents_f":0.6538461538,
    "ents_p":0.7244318182,
    "ents_r":0.5957943925,
    "ents_per_type":{
      "B-date":{
        "p":1.0,
        "r":0.8888888889,
        "f":0.9411764706
      },
      "I-date":{
        "p":0.988372093,
        "r":0.9550561798,
        "f":0.9714285714
      },
      "B-time":{
        "p":0.8125,
        "r":0.7647058824,
        "f":0.7878787879
      },
      "I-product":{
        "p":0.5890410959,
        "r":0.5375,
        "f":0.5620915033
      },
      "B-price":{
        "p":0.5357142857,
        "r":0.4411764706,
        "f":0.4838709677
      },
      "B-total":{
        "p":0.6666666667,
        "r":0.3333333333,
        "f":0.4444444444
      },
      "B-product":{
        "p":0.5,
        "r":0.3469387755,
        "f":0.4096385542
      },
      "I-time":{
        "p":1.0,
        "r":1.0,
        "f":1.0
      },
      "I-shop":{
        "p":1.0,
        "r":0.3076923077,
        "f":0.4705882353
      },
      "B-shop":{
        "p":0.75,
        "r":0.3333333333,
        "f":0.4615384615
      },
      "I-price":{
        "p":0.0,
        "r":0.0,
        "f":0.0
      },
      "I-total":{
        "p":0.0,
        "r":0.0,
        "f":0.0
      }
    },
    "tok2vec_loss":484.6125229109,
    "ner_loss":82.9349235874
  }
}