{
  "lang":"ja",
  "name":"pipeline",
  "version":"0.0.0",
  "spacy_version":">=3.4.4,<3.5.0",
  "description":"",
  "author":"",
  "email":"",
  "url":"",
  "license":"",
  "spacy_git_version":"77833bfef",
  "vectors":{
    "width":0,
    "vectors":0,
    "keys":0,
    "name":null,
    "mode":"default"
  },
  "labels":{
    "tok2vec":[

    ],
    "ner":[
      "B-date",
      "B-price",
      "B-product",
      "B-shop",
      "B-time",
      "B-total",
      "I-date",
      "I-price",
      "I-product",
      "I-shop",
      "I-time",
      "I-total"
    ]
  },
  "pipeline":[
    "tok2vec",
    "ner"
  ],
  "components":[
    "tok2vec",
    "ner"
  ],
  "disabled":[

  ],
  "performance":{
    "ents_f":0.6229086229,
    "ents_p":0.6934097421,
    "ents_r":0.5654205607,
    "ents_per_type":{
      "I-date":{
        "p":0.9759036145,
        "r":0.9101123596,
        "f":0.9418604651
      },
      "B-time":{
        "p":0.8571428571,
        "r":0.7058823529,
        "f":0.7741935484
      },
      "B-price":{
        "p":0.5,
        "r":0.3823529412,
        "f":0.4333333333
      },
      "B-total":{
        "p":0.3333333333,
        "r":0.1666666667,
        "f":0.2222222222
      },
      "B-product":{
        "p":0.625,
        "r":0.306122449,
        "f":0.4109589041
      },
      "I-product":{
        "p":0.5454545455,
        "r":0.525,
        "f":0.5350318471
      },
      "B-date":{
        "p":1.0,
        "r":0.8333333333,
        "f":0.9090909091
      },
      "I-time":{
        "p":1.0,
        "r":1.0,
        "f":1.0
      },
      "I-shop":{
        "p":0.6315789474,
        "r":0.3076923077,
        "f":0.4137931034
      },
      "B-shop":{
        "p":1.0,
        "r":0.3333333333,
        "f":0.5
      },
      "I-price":{
        "p":0.0,
        "r":0.0,
        "f":0.0
      },
      "I-total":{
        "p":0.0,
        "r":0.0,
        "f":0.0
      }
    },
    "tok2vec_loss":12376.3208749047,
    "ner_loss":184.0124110525
  }
}